{
  "ref_checkpoint": "out-owt-small-no-mhc-10000iter/ckpt.pt",
  "cmp_checkpoint": "out-owt-small-mhc-alm-nonnegative-32streams-10000iter/ckpt.pt",
  "ref_iter_num": 9500,
  "cmp_iter_num": 3900,
  "ref_best_val_loss": 3.4530978202819824,
  "cmp_best_val_loss": 3.667269706726074,
  "num_common_backbone_tensors": 27,
  "num_missing_in_cmp": 0,
  "num_missing_in_ref": 0,
  "num_shape_mismatches": 0,
  "num_tensors": 27,
  "numel": 70909952,
  "ref_norm": 402.98100628830906,
  "cmp_norm": 328.9577755253906,
  "diff_norm": 450.20373927850886,
  "rel_l2": 1.1171835204471516,
  "cosine": 0.25619182369629223,
  "centered_cosine": 0.2548187797369066,
  "rmse": 0.053463268021102815,
  "mae": 0.0415026934855306,
  "max_abs_diff": 1.1087137460708618,
  "ref_mean": 0.0013447065922531601,
  "cmp_mean": 0.003364792721128791,
  "norm_ratio_cmp_over_ref": 0.8163108692275208
}