param_type,num_tensors,numel,ref_norm,cmp_norm,diff_norm,rel_l2,cosine,centered_cosine,rmse,mae,max_abs_diff,ref_mean,cmp_mean,norm_ratio_cmp_over_ref
attn.c_attn.weight,6,4718592,88.20654437293666,85.27453475015544,114.35162308061865,1.296407470596975,0.13134187233472244,0.13134187449455614,0.05264245320312081,0.03952374971575207,0.7421728372573853,1.3893885807192419e-05,6.362728931384886e-07,0.966759726915673
attn.c_proj.weight,6,1572864,44.43638255327932,41.72532920821811,59.974419544968164,1.3496692597120996,0.03200008576840512,0.03200010731033614,0.04782119970858544,0.03599335874120394,0.5578951835632324,-1.394838667086636e-06,1.531824970394761e-05,0.938990233018841
lm_head.weight,1,25755648,257.6339760687631,201.73623326636195,275.5530093058321,1.0695522908526878,0.29960405192920014,0.2976364831866381,0.05429613522567137,0.042356631834695055,0.40610411763191223,0.0018236521849498797,0.004631524777594413,0.7830342734473735
mlp.c_fc.weight,6,6291456,105.66744998035848,100.30141099144618,135.01746758376999,1.277758359919418,0.1413520390366041,0.1413402687853539,0.05382876008186927,0.04238133939603964,0.4495681822299957,0.00020574786321958527,0.00011495491344248876,0.9492176730875047
mlp.c_proj.weight,6,6291456,91.86345690401308,86.83371110225028,124.41701355409054,1.3543689487332515,0.03130276861978025,0.031304009155526225,0.04960257137507494,0.038104740902781487,1.1087137460708618,5.412572439430126e-06,-0.00018537889900471782,0.9452475884179025
transformer.wpe.weight,1,524288,16.842473535526835,14.317354803160056,21.022618057004774,1.2481906539832472,0.09684235448016797,0.09685085461609262,0.02903366364531804,0.022173428907990456,0.5052593946456909,4.295374674256891e-05,0.0008343127556145191,0.8500743535656805
transformer.wte.weight,1,25755648,257.6339760687631,201.73623326636195,275.5530093058321,1.0695522908526878,0.29960405192920014,0.2976364831866381,0.05429613522567137,0.042356631834695055,0.40610411763191223,0.0018236521849498797,0.004631524777594413,0.7830342734473735
