{
  "ref_checkpoint": "out-owt-small-no-mhc-10000iter/ckpt.pt",
  "cmp_checkpoint": "out-owt-small-mhc-alm-nonnegative-32streams-10000iter/ckpt.pt",
  "ref_iter_num": 9500,
  "cmp_iter_num": 3900,
  "ref_best_val_loss": 3.4530978202819824,
  "cmp_best_val_loss": 3.667269706726074,
  "num_common_backbone_tensors": 40,
  "num_missing_in_cmp": 0,
  "num_missing_in_ref": 0,
  "num_shape_mismatches": 0,
  "num_tensors": 40,
  "numel": 70916608,
  "ref_norm": 414.375960018375,
  "cmp_norm": 338.89228313504196,
  "diff_norm": 452.10510616432805,
  "rel_l2": 1.0910505188193833,
  "cosine": 0.2925196540295511,
  "centered_cosine": 0.29119179853285415,
  "rmse": 0.05368654238759881,
  "mae": 0.04152292235899324,
  "max_abs_diff": 2.4889941215515137,
  "ref_mean": 0.001449263555498425,
  "cmp_mean": 0.003457154551642606,
  "norm_ratio_cmp_over_ref": 0.8178377025540144
}